21500179 21507879 21504427 , 21500572 21502689 21505282 , 21707228 21502642 21712091 , 21503233 21712798 21503981 , 21513144 21505186 , 21712084 21501136 , 21506147 21706894 , 21710720 21000002 , 20140524 21507221 , 21506945 20144769 , 21703318 20140777 , 21710385 21705472 , 21504350 21708325 , 21404529 21707432 , 21000001 20134250 , 21708799 21602558 , 21712227 21507122 , 21506961 21507151 , 































































































































































































































































































































































































































































































































































































































































































































































































































































































































































































































































































































































































































































































































































































































































































































































































































































































































































































































































































































































































































































































































